{"cameraMode":{"drawMode":0,"name":"Shaded","section":"Shading Mode"},"sceneLighting":false,"audioPlay":false,"sceneViewState":{"m_AlwaysRefresh":false,"showFog":true,"showSkybox":true,"showFlares":true,"showImageEffects":true,"showParticleSystems":true,"showVisualEffectGraphs":true,"m_FxEnabled":true},"in2DMode":false,"pivot":{"x":33.000125885009769,"y":3.3888332843780519,"z":29.668405532836915},"rotation":{"x":-0.06427667289972305,"y":-0.6337013244628906,"z":0.053006213158369067,"w":-0.7692376375198364},"size":6.828268527984619,"orthographic":false}